index,stock,pred,true,type
0,688309.SH,0.8614678117020396,-0.11030354852501079,FP
1,688551.SH,0.8806017080680648,0.5565620391826418,TP
2,688051.SH,0.4834365246637027,-0.00041744938426202527,FP
3,688056.SH,0.7996795286994132,0.536286731967943,TP
4,300877.SZ,0.9594570733350452,-0.04081632653061229,FP
5,688093.SH,0.9496199011031903,0.1061971061971061,TP
6,300860.SZ,0.7369801988773534,0.1974937343358396,TP
7,002947.SZ,0.3149045466070805,0.1031518624641834,TP
8,688021.SH,0.7521689497303554,0.20202911336568152,TP
9,688058.SH,0.7533090971280958,0.014430919814280463,TP
10,688418.SH,0.16259123053490848,0.002693602693602859,TP
11,688595.SH,0.837739109049938,0.22873684210526313,TP
12,688526.SH,0.9446278555042928,-0.06763972944108221,FP
13,688085.SH,0.7386622635982615,0.10958408679927678,TP
14,688580.SH,0.8986356055992195,0.08945386064030125,TP
15,688559.SH,0.8760842204245785,0.22580645161290325,TP
16,688268.SH,0.7252695788415593,0.11216389244558256,TP
17,300871.SZ,0.9277818263784389,-0.1162287480680062,FP
18,688189.SH,0.7725834127860547,0.06318390398870455,TP
19,688389.SH,0.9354661360383055,0.16692347200821778,TP
20,300873.SZ,0.7038630912446983,0.0038974358974357415,TP
21,688157.SH,0.6197075149700104,0.3369900582790537,TP
23,688286.SH,0.7973067363234829,0.03188259109311753,TP
24,688020.SH,0.8018429539769909,0.084275681466492,TP
25,688357.SH,0.7338492500417872,0.6680993662125736,TP
26,688155.SH,0.8507142185935908,0.10671256454388978,TP
27,603083.SH,0.2430246540503152,0.02679938744257271,TP
28,300888.SZ,0.7773222908242476,0.075314328395369,TP
29,688519.SH,0.745685891614842,0.02986725663716805,TP
30,688369.SH,0.8102881166622183,-0.05430149960536712,FP
31,002912.SZ,0.7643160780492937,-0.06480938416422288,FP
32,300872.SZ,0.8864103018589088,0.08138759172781862,TP
33,300284.SZ,0.8122175371675717,-0.0064102564102563875,FP
34,002367.SZ,0.8844953915624928,-0.04092071611253201,FP
35,300867.SZ,0.7732291749220045,-0.18471156578573444,FP
36,002697.SZ,0.8718632345357343,0.021008403361344685,TP
37,300113.SZ,0.6905460638751816,0.18388934092758347,TP
38,688198.SH,0.7393148779996173,0.0530859374999999,TP
39,603363.SH,0.9751185268189579,0.23321554770318031,TP
40,300762.SZ,0.8936121789312487,0.12636505460218395,TP
41,002376.SZ,0.8596899756907448,0.1390644753476611,TP
42,688586.SH,0.9301365954737377,0.17692027666545318,TP
43,603018.SH,0.8486975737588587,-0.029677419354838808,FP
44,300768.SZ,0.8247926214386203,0.026540710751236984,TP
45,600285.SH,0.8825605110577041,0.18148148148148135,TP
46,002301.SZ,0.8725375101989397,-0.08900523560209417,FP
47,002567.SZ,1.0096432810334288,0.014084507042253724,TP
48,600425.SH,0.4334734887965045,-0.08808290155440412,FP
49,688186.SH,0.7033856643563882,0.050770966528770334,TP
50,002035.SZ,0.754597999752624,-0.126112759643917,FP
51,603108.SH,0.8894118307599571,0.26881720430107525,TP
52,603368.SH,0.7950887303719854,-0.02268546903740032,FP
53,300098.SZ,0.5295943294065706,0.08368200836820061,TP
54,688368.SH,0.7817445115688761,-0.16227576974564928,FP
55,300145.SZ,1.0587216281366465,-0.028125000000000067,FP
56,600976.SH,0.8730589141601175,0.2412144393975617,TP
57,600742.SH,0.45677679012094874,0.5537098560354374,TP
58,688166.SH,0.8641076231480236,0.4093137254901962,TP
59,300378.SZ,0.6881809521228642,0.04457451598379092,TP
60,000036.SZ,0.19255281208215,0.03432494279176179,TP
61,001696.SZ,0.5937699540182012,0.014727540500736325,TP
62,002695.SZ,0.9082331503382176,-0.02906574394463668,FP
63,002317.SZ,0.5651783451496544,0.251028806584362,TP
64,600466.SH,0.18018671343910728,-0.15656565656565657,FP
65,000915.SZ,0.8499394907071752,-0.059206023271731745,FP
66,688301.SH,0.8731882075857245,0.3085004775549187,TP
67,300663.SZ,0.6760132787942624,0.06930693069306937,TP
68,002022.SZ,0.7640621364891487,0.14036418816388463,TP
69,300770.SZ,0.5421561942122608,0.26370757180156645,TP
70,002154.SZ,0.990898879161074,0.08576998050682261,TP
71,600480.SH,0.6577671387697799,0.16706443914081137,TP
72,300326.SZ,0.7101407120705687,0.05847373637264619,TP
73,603323.SH,0.32521910564340495,-0.07692307692307698,FP
74,002419.SZ,0.8913083014361913,-0.014778325123152691,FP
75,000910.SZ,0.3733663069247537,0.00590219224283306,TP
76,601975.SH,0.6342526290290103,-0.10599078341013823,FP
77,688390.SH,0.9994877366848112,0.17312758750470447,TP
78,300666.SZ,0.7003617748032778,0.08665879574970492,TP
79,601069.SH,0.6369633754692341,0.11063829787234059,TP
80,688356.SH,0.8882540876875125,0.49224806201550386,TP
81,603328.SH,0.6871404129738131,-0.0013531799729363803,FP
82,000560.SZ,0.2915456135754346,-0.12012012012012008,FP
83,688019.SH,0.6590332704579904,0.25280278579921855,TP
84,600761.SH,0.9330829387956525,0.14650283553875232,TP
85,000681.SZ,0.9378141519886756,0.37367624810892575,TP
86,300271.SZ,0.7550034735258243,0.07477477477477468,TP
87,600138.SH,0.6467590199261942,-0.03510531594784372,FP
88,600158.SH,0.20640678363991252,-0.038079470198675525,FP
89,300166.SZ,0.6788315152156755,0.1491228070175441,TP
90,300869.SZ,1.1207981853554236,0.35088218554354,TP
91,002100.SZ,0.5114256158868568,0.03828306264501169,TP
92,000034.SZ,0.4276813128200999,0.022106631989596837,TP
93,002653.SZ,0.889059987637563,0.02610114192495927,TP
94,000603.SZ,0.6006668670878188,0.044650379106992544,TP
95,000537.SZ,0.3137113600856612,0.3455258001306336,TP
96,603699.SH,0.8405912044900026,-0.05405405405405406,FP
97,300133.SZ,0.8619934675166478,-0.027350427350427253,FP
98,002839.SZ,0.29935697630702596,-0.0017605633802816323,FP
99,600059.SH,1.0543566063301912,0.02717391304347827,TP
101,688037.SH,0.8677677652315057,-0.10282671036460467,FP
102,601577.SH,0.324238722896929,-0.05555555555555547,FP
103,002124.SZ,0.8779849785271063,0.06208053691275173,TP
104,600720.SH,0.1878731903636014,-0.09638554216867468,FP
105,688029.SH,0.6845254641575377,-0.03025841695401188,FP
106,300002.SZ,0.8635604371499063,-0.0017301038062285112,FP
107,000800.SZ,0.6711221421308878,-0.038139534883720905,FP
108,000976.SZ,0.8217007316321514,-0.11538461538461553,FP
109,603601.SH,0.5129050565865496,0.02677824267782425,TP
110,603708.SH,0.9168479913741696,-0.03459747172322025,FP
111,000930.SZ,1.074136196775051,0.1552917903066271,TP
112,600971.SH,0.7985064966888579,-0.2368742368742368,FP
113,688018.SH,0.8670559576554455,-0.01524055229086041,FP
114,688518.SH,0.9026812462281186,0.6452467704537925,TP
115,600562.SH,0.7435270821118143,0.2521929824561404,TP
116,688366.SH,0.9233345806082234,-0.2969163929214794,FP
117,688321.SH,0.8698353152323699,-0.04470463012240555,FP
118,300598.SZ,0.2087635460575964,-0.08666925767586475,FP
119,688333.SH,0.9593319962839622,0.062270187670120825,TP
120,300394.SZ,0.934260610153747,0.35548308194048106,TP
121,300348.SZ,0.7521937067830446,-0.034574468085106336,FP
122,300315.SZ,0.6687022831598821,0.06896551724137945,TP
123,002254.SZ,0.7622812244649265,0.138860103626943,TP
124,001872.SZ,0.5898181818885754,-0.0599883517763542,FP
125,600195.SH,0.9082460484240201,-0.013368983957219305,FP
126,688016.SH,0.9471099221096363,-0.019306569343065738,FP
127,000789.SZ,0.5558409115826318,-0.15146948003014316,FP
128,002375.SZ,0.8687131355428483,-0.002680965147452974,FP
129,600729.SH,0.8684798140107828,0.04317144043171428,TP
130,002149.SZ,0.8002930925172427,0.22722029988465975,TP
131,300451.SZ,0.9119861795917937,0.2939597315436242,TP
132,300567.SZ,0.7992683381985204,0.18708414872798418,TP
133,002182.SZ,0.5396901220617214,0.09722222222222232,TP
134,688006.SH,0.9903874077724509,0.4860422960725075,TP
135,601137.SH,0.614781560595478,0.6550116550116551,TP
136,002698.SZ,0.9340297884557883,0.04416403785488954,TP
137,300036.SZ,0.8047292823631781,0.2755741127348643,TP
138,300182.SZ,0.779879228185429,0.07239819004524883,TP
139,300226.SZ,0.7466358450151915,-0.2670241286863272,FP
140,002214.SZ,0.7582349394327204,0.020590868397493356,TP
141,002726.SZ,0.9251299702492157,0.1499493414387032,TP
142,002332.SZ,0.7981021187248678,0.12220149253731338,TP
143,688298.SH,0.8494430054307534,0.13034310906651347,TP
144,300123.SZ,0.8702594739700188,0.017039403620873195,TP
145,300773.SZ,0.7398847747757985,0.1488071168621108,TP
146,000049.SZ,0.8772394007835806,0.5292288557213931,TP
147,002174.SZ,0.7869900350424576,0.3088737201365186,TP
148,300068.SZ,0.532513284332636,0.12521008403361344,TP
149,000030.SZ,0.563796464611696,0.3893653516295026,TP
150,300188.SZ,0.6505758438075298,0.029108550636749664,TP
151,688009.SH,0.8191670247970959,-0.05813953488372092,FP
152,600378.SH,0.6758803814633105,0.33033419023136235,TP
153,688088.SH,0.8105295982409443,0.18938656280428434,TP
154,002481.SZ,0.9969828372700145,-0.2182608695652174,FP
155,688536.SH,0.9248742215678568,0.3822068295434955,TP
156,300463.SZ,0.8627399756548688,0.08431644691186668,TP
157,300638.SZ,0.34270769953941294,0.3200092958401115,TP
158,600266.SH,0.2906480824887313,-0.09871244635193133,FP
159,688516.SH,0.8478219532966613,0.31661278548336624,TP
160,600064.SH,0.2848411705354573,0.004464285714285587,TP
161,600328.SH,0.8083430616523057,-0.21616793211255025,FP
162,688017.SH,0.8010709414495141,0.2801184746390224,TP
163,603881.SH,0.5379326513649996,0.10598345003182685,TP
164,002237.SZ,0.6144531846062238,-0.00843170320404718,FP
165,000718.SZ,0.33831418908652267,-0.07708333333333339,FP
166,002085.SZ,0.6404328691891081,0.010619469026548645,TP
167,002262.SZ,0.7657281069225866,0.11087267525035749,TP
168,600718.SH,0.8544320938255783,0.1997851772287862,TP
169,600037.SH,0.8269608886179922,-0.031847133757961776,FP
170,000921.SZ,0.8662170297688785,-0.05583333333333329,FP
171,600062.SH,0.8789591958224263,0.0777113578138342,TP
172,002727.SZ,0.8021199022076023,0.1480743691899069,TP
173,002675.SZ,0.7198798877762278,0.11687413554633452,TP
174,300679.SZ,0.8669884555438183,0.2929222144358794,TP
175,603989.SH,0.8109888760491668,0.3329219376735577,TP
176,002572.SZ,0.9389753218289849,0.01623571858087791,TP
177,002233.SZ,0.6658134060953325,-0.10582959641255607,FP
178,300630.SZ,0.9247145033740647,0.1300108342361863,TP
179,002773.SZ,0.6778223553557103,0.017457719585379117,TP
180,000528.SZ,0.9496919395881391,-0.03430749682337997,FP
181,002048.SZ,0.6187073052508107,-0.05062126092959052,FP
182,000028.SZ,0.8225862923295998,-0.045402298850574674,FP
183,300257.SZ,0.860365730300426,-0.13033832501386589,FP
184,600835.SH,0.9788059451794355,0.0047043010752687575,TP
185,600197.SH,1.0835421915377126,-0.05880163751395617,FP
186,600993.SH,0.8004281260768886,-0.06259780907668222,FP
187,600548.SH,0.6749813498423445,-0.15933098591549288,FP
188,002244.SZ,0.2711196600848569,-0.09090909090909094,FP
189,600123.SH,0.8899748676224302,-0.27959501557632394,FP
190,688188.SH,0.9120804476920251,-0.052521199963527,FP
191,000690.SZ,0.7103888643275843,-0.21145374449339205,FP
192,603195.SH,0.9185320224160499,-0.03516079632465552,FP
193,300379.SZ,0.7735698516269122,0.09676364825106232,TP
194,000967.SZ,0.962110775817599,0.14532374100719414,TP
195,300457.SZ,0.9102738985153326,0.435595286468915,TP
196,002390.SZ,0.9331498707883479,-0.1173402868318123,FP
197,300482.SZ,0.9414999884474394,-0.09953488372093022,FP
198,000848.SZ,1.077887220425968,-0.11954624781849921,FP
199,300236.SZ,0.6328945682464735,0.07912981114033002,TP
200,300369.SZ,0.7947792403801197,-0.057222222222222285,FP
201,600869.SH,0.8069897425943056,0.3087248322147651,TP
202,600771.SH,0.9485981988034797,0.06234142805364251,TP
203,300009.SZ,0.8993710879321757,0.10627615062761508,TP
204,600823.SH,0.21104407509116396,-0.1271186440677966,FP
205,002690.SZ,0.6954256580253793,0.024191427820142053,TP
206,600376.SH,0.3060128433936101,-0.09578544061302685,FP
207,688408.SH,0.9318906267176266,0.37423789599521795,TP
208,300244.SZ,0.857242344498111,0.14372675008454516,TP
209,002291.SZ,0.9833739425721306,-0.12372051624388058,FP
210,603505.SH,0.7391185798502262,0.13095548034366056,TP
211,600325.SH,0.2854357556102611,-0.08536585365853666,FP
212,600305.SH,0.8664444916627562,-0.016861219195849486,FP
213,002158.SZ,0.9832267389356386,0.2542955326460481,TP
214,603113.SH,0.803740338297867,-0.10330578512396704,FP
215,601952.SH,0.9354228243099525,0.16486751717369974,TP
216,002701.SZ,0.6844240447425568,0.11285266457680243,TP
217,603688.SH,0.66648150663207,0.5038560411311055,TP
218,600764.SH,0.9294996330870602,0.18775359645887146,TP
219,000877.SZ,0.49092232117489876,-0.0561478322672353,FP
220,600116.SH,0.7003883605634876,-0.11400359066427301,FP
221,603355.SH,0.9997691803812202,0.20054730258014075,TP
222,002019.SZ,0.797910039861842,0.07393244104525198,TP
223,300861.SZ,0.9309297609706596,-0.0007656967840735662,FP
224,002595.SZ,0.8069363080456375,0.08055009823182724,TP
225,600060.SH,0.9511726551476845,0.135042735042735,TP
226,300054.SZ,0.5567054669531509,0.39883782356048614,TP
227,600612.SH,0.9091889132293681,-0.023686477174849174,FP
228,600566.SH,0.8806727038923403,0.0825852782764811,TP
229,600963.SH,0.8166627231625425,-0.10539523212045165,FP
230,002368.SZ,0.822589265238275,0.19800332778702168,TP
231,600273.SH,0.47737258002351635,0.049858889934148554,TP
232,600966.SH,0.6703303872278632,-0.11508282476024412,FP
233,002318.SZ,0.6503571436998472,0.16059957173447548,TP
234,300168.SZ,0.7644346716252067,-0.01980198019801971,FP
235,002171.SZ,0.6821459635745943,0.2433234421364987,TP
236,600901.SH,0.24817603577181643,-0.04850746268656725,FP
237,601000.SH,0.6497137958311332,-0.09352517985611508,FP
238,300502.SZ,0.7343537024387625,0.024651024651024533,TP
239,688202.SH,0.9309502038282162,-0.209184700216,FP
240,002127.SZ,0.509323300387242,-0.010606060606060508,FP
241,600597.SH,1.02550896746681,-0.005035971223021574,FP
242,002745.SZ,0.8771598958557002,0.09961190168175937,TP
243,002131.SZ,0.8911732717918321,-0.05179282868525892,FP
244,300726.SZ,0.9776166554346193,0.2669469259064634,TP
245,002281.SZ,0.2700168345475169,0.04017857142857162,TP
246,600459.SH,0.77291321768337,0.16829052258635957,TP
248,601098.SH,0.9037428243217044,0.025669642857142794,TP
249,600567.SH,0.7421389524695645,-0.06725146198830412,FP
250,300294.SZ,0.8534306368424851,0.0940170940170939,TP
251,002242.SZ,0.8879337423199007,0.046040515653775316,TP
252,600216.SH,0.8436250771951348,0.04085365853658551,TP
253,002258.SZ,0.6101888631762213,0.10642857142857154,TP
254,600026.SH,0.5907840747753207,-0.13722627737226267,FP
255,600577.SH,1.0522485741034613,0.33380084151472644,TP
257,002075.SZ,0.6749658858959716,-0.18221574344023328,FP
258,002036.SZ,0.8934565331169124,0.2808716707021792,TP
259,600511.SH,0.9156579533017055,0.053206002728512836,TP
260,002273.SZ,0.790831688844098,0.20260989010989028,TP
261,000672.SZ,0.6757307870129543,-0.08240887480190162,FP
262,601965.SH,0.639066097194104,0.33035143769968056,TP
263,688050.SH,0.898996700795767,-0.14126461988304106,FP
264,688023.SH,0.8153912346778567,-0.2113597733711049,FP
265,603599.SH,0.7330472373853302,0.24126302881667705,TP
266,002436.SZ,0.839595039637411,0.21009098428453266,TP
267,300748.SZ,0.5790559413482801,0.5973088283557599,TP
268,002041.SZ,0.9820302253783082,0.28003875968992253,TP
269,600339.SH,0.7587652991147193,-0.13580246913580263,FP
270,000598.SZ,0.7212762729411324,0.05604203152364273,TP
271,000729.SZ,1.1340750736762428,0.03816793893129766,TP
272,601128.SH,0.20883478463894883,0.07020280811232449,TP
273,300866.SZ,0.7923232651434832,0.04417670682730934,TP
274,601311.SH,0.7085759907219354,0.45394736842105265,TP
275,002155.SZ,0.7046378989318789,-0.10634648370497424,FP
276,002563.SZ,0.8988472405794076,-0.05366492146596846,FP
277,002153.SZ,0.8586754546462094,0.11302982731554145,TP
278,600967.SH,0.9812061299594483,0.06960081883316271,TP
279,603515.SH,0.9033133856666963,-0.0577756379393356,FP
280,603606.SH,0.8986183336435969,0.9530201342281879,TP
281,300474.SZ,0.9739063811079764,0.4956647398843932,TP
282,600006.SH,0.7617868692167031,-0.012311901504787892,FP
283,300088.SZ,0.7436839365349801,0.5438596491228069,TP
284,000951.SZ,0.8977956916064722,-0.09919028340080971,FP
285,000778.SZ,0.7288211306511259,-0.14252873563218382,FP
286,002705.SZ,0.9144075017248812,0.29885683179096345,TP
287,603868.SH,0.9169536957901875,0.040889343214924434,TP
288,600201.SH,0.7552882671537422,0.07372654155495972,TP
289,300418.SZ,0.7884726042134995,0.24542772861356932,TP
290,300034.SZ,0.9389906790493907,0.5273103805332642,TP
291,002747.SZ,0.9230626032971206,0.25501824817518237,TP
292,600820.SH,0.9144644627803089,-0.10796460176991152,FP
293,603588.SH,0.9579421995852813,-0.06535947712418289,FP
294,601928.SH,0.9775532143005463,-0.056786703601108046,FP
295,002683.SZ,0.5474440406223712,0.11389605602653896,TP
296,600507.SH,0.6087783540562874,-0.08365019011406838,FP
297,002643.SZ,0.5941938918675578,0.3626723223753976,TP
298,300476.SZ,0.7850005459541545,0.07605633802816891,TP
299,002607.SZ,0.5876101113090377,-0.12084870848708495,FP
300,688388.SH,1.0133978748609371,0.13996200126662428,TP
301,300618.SZ,0.6948728395346617,0.30913942628418956,TP
302,300458.SZ,0.8783995325854499,-0.028827586206896627,FP
303,601003.SH,0.7217964886782421,-0.19626168224299068,FP
304,000581.SZ,0.560645705787842,0.01644100580270802,TP
305,002402.SZ,0.8481473522978747,0.2942307692307693,TP
307,002266.SZ,0.9411446139892519,-0.1164021164021164,FP
308,000401.SZ,0.6166916333682912,-0.08003108003107995,FP
309,000591.SZ,0.8464032184200763,-0.20445505171042166,FP
310,600528.SH,0.9796211231934765,-0.040000000000000036,FP
311,002081.SZ,0.9312632740797022,-0.09984152139461167,FP
312,002373.SZ,0.855465969116225,-0.003382949932340895,FP
313,600667.SH,0.6389271393792546,0.023514851485148425,TP
314,600282.SH,0.7537414760149359,-0.11809045226130654,FP
315,601717.SH,0.6242212887100168,0.09507346585998278,TP
317,000516.SZ,1.019445003174824,-0.056189640035118615,FP
318,300115.SZ,0.808413933880863,0.07063711911357351,TP
319,600167.SH,0.44354356056206556,-0.13689839572192508,FP
320,002221.SZ,0.8078996290377977,-0.07127112417340187,FP
321,300327.SZ,0.8652942216156166,0.22711973072607794,TP
322,000623.SZ,0.886826457205339,-0.025534441805225683,FP
323,600323.SH,0.9557140633318354,-0.1856603773584906,FP
324,002597.SZ,0.6608454188592878,0.2954025908051816,TP
325,002146.SZ,0.2116562690294706,-0.14107883817427402,FP
326,600559.SH,1.1304777030671889,0.026978417266187105,TP
327,603128.SH,0.6598811332817301,0.027515723270440162,TP
328,002557.SZ,0.981709628858027,0.1527538726333908,TP
329,002626.SZ,0.9295065337601037,0.021019108280254883,TP
330,688200.SH,0.8537144156911803,-0.023457566232599758,FP
332,300070.SZ,0.9091523854101681,-0.09009009009009006,FP
333,603005.SH,0.7787862133390949,0.40122728345527503,TP
334,002422.SZ,0.9115251919721329,0.057317751808569906,TP
335,000547.SZ,0.7956733555146612,0.08560053085600527,TP
336,300296.SZ,0.8242597464155437,-0.004826254826254761,FP
337,600580.SH,0.8852736837799037,0.48908954100827695,TP
338,002399.SZ,0.7428704900348488,0.032258064516129004,TP
339,600535.SH,0.879657242538142,0.020300751879699153,TP
340,600529.SH,0.5674720942741981,0.5006711409395972,TP
341,002461.SZ,1.086797036112935,0.029082774049216997,TP
342,600583.SH,0.7775421748589995,-0.10020876826722347,FP
343,002212.SZ,0.9190582720243292,0.17312499999999997,TP
344,002382.SZ,0.8269636123300665,-0.06785317018909898,FP
345,002250.SZ,0.6748668280760487,-0.029189189189189113,FP
346,002157.SZ,0.9761684852917574,0.0275715800636267,TP
347,300118.SZ,0.6257798778101259,0.8681888946549041,TP
348,603883.SH,0.7145420505130701,-0.07948717948717943,FP
349,603228.SH,0.7229540701963642,0.18394100778369515,TP
350,600498.SH,0.3310975781441483,0.006235827664399007,TP
351,600004.SH,0.49210752592235785,-0.003724394785847407,FP
352,002456.SZ,0.6204771140896304,0.042857142857142705,TP
354,601666.SH,0.8036721991568685,-0.3918495297805643,FP
355,002439.SZ,0.7972740782191405,0.04128938790293368,TP
356,600737.SH,0.985976960013297,0.04390779363337005,TP
357,002610.SZ,0.9067979166408487,0.22921348314606727,TP
358,002507.SZ,0.9991802288067229,0.05622359441013969,TP
359,002028.SZ,0.9343212867553989,0.38473205257836196,TP
360,601997.SH,0.27352596948482877,-0.03857566765578635,FP
361,002558.SZ,0.8479724159388878,-0.028846153846153966,FP
362,000975.SZ,0.7719937570051314,0.058892815076560634,TP
363,688139.SH,0.911338579159837,-0.2015859030837004,FP
364,002389.SZ,0.8482332747703625,0.24063400576368865,TP
365,000887.SZ,0.6703645309788708,0.6168032786885247,TP
366,600867.SH,0.9243454422792373,0.049429657794676674,TP
367,600879.SH,0.9575355652040543,0.13414634146341453,TP
368,600873.SH,1.0656548714130953,0.1294642857142858,TP
369,603858.SH,0.8808448887996863,0.01572668112798259,TP
370,300383.SZ,0.7935011046092321,0.14607614607614616,TP
371,002463.SZ,0.7745805220626371,0.35236396074933096,TP
372,002511.SZ,1.0901026036994483,-0.03703703703703709,FP
373,600546.SH,0.8734155903181262,-0.36190476190476195,FP
374,002065.SZ,0.8205094896151578,-0.04599211563731942,FP
375,002299.SZ,1.0212718906694631,0.014351851851851727,TP
376,000423.SZ,0.7057166719629646,0.16847515705311245,TP
377,300146.SZ,1.0687480331773163,-0.16643059490084988,FP
378,688099.SH,0.7690942101059653,0.16250719907851785,TP
379,600271.SH,0.8548702787020794,0.11754827875734675,TP
380,300747.SZ,0.7906444235595222,0.10930754619236738,TP
381,600970.SH,0.9805922922850512,0.025438596491228038,TP
382,600380.SH,0.8220697605134881,0.05096660808435849,TP
383,600827.SH,1.125638138920566,-0.08385308385308377,FP
384,600153.SH,0.580421664871821,-0.03468899521531088,FP
385,601099.SH,0.23204348036481706,-0.024539877300613355,FP
386,300357.SZ,0.9002071280407784,-0.043344709897610856,FP
387,000750.SZ,0.17546888289436774,-0.051094890510948954,FP
388,600848.SH,0.2669244636492848,-0.05780730897009978,FP
389,000998.SZ,0.9972386949279821,0.12179188054129719,TP
390,601016.SH,0.7412283789374677,-0.18884664131812412,FP
391,601992.SH,0.6964316560217579,-0.046099290780141855,FP
392,002925.SZ,0.7722884296569923,-0.008308605341246333,FP
393,600977.SH,0.8583757369089462,-0.13194959229058556,FP
394,688598.SH,0.9496613993519032,0.04892156024731453,TP
395,300373.SZ,0.816404707948059,0.6900807899461401,TP
396,002603.SZ,0.9422397110699987,0.031268791340950175,TP
397,600171.SH,0.8430259637310228,-0.21827836780324206,FP
398,000021.SZ,0.8207094008390672,0.0996441281138789,TP
399,688065.SH,0.6711823350829398,0.0452067970503367,TP
400,600110.SH,1.0149931640604877,0.017748715553479677,TP
401,002128.SZ,0.8037733319092788,-0.23699802501645817,FP
402,600988.SH,0.6910000439854367,0.08925081433224746,TP
403,688208.SH,0.7296175160872033,0.06265912305516252,TP
404,600297.SH,0.45092098086541915,-0.15719063545150502,FP
405,600483.SH,0.8706747794846235,-0.17708333333333326,FP
406,002500.SZ,0.24692174314087556,-0.03658536585365846,FP
407,688396.SH,0.8839232733881954,0.03965141612200451,TP
408,002353.SZ,0.7598116246952071,-0.19392812887236677,FP
409,002409.SZ,0.7223438618269883,0.04544264012572019,TP
410,002110.SZ,0.7591425242537061,-0.2531500572737687,FP
411,600536.SH,0.7676416372287533,0.05022276225192379,TP
412,601222.SH,0.6383593737934854,0.003225806451612856,TP
413,601005.SH,0.8100590349976713,-0.20948616600790504,FP
414,000860.SZ,0.8992930435427909,-0.09168081494057734,FP
415,002056.SZ,0.9394577271474605,0.5182648401826482,TP
416,688122.SH,0.6248646196546856,0.35236768802228413,TP
417,002465.SZ,0.2930139148803207,0.017578125,TP
418,300676.SZ,0.8161094695176757,0.08559021826077018,TP
419,600521.SH,0.7530272676408003,0.21788341822297674,TP
420,000513.SZ,0.8357036881315631,-0.07060036073177023,FP
421,002429.SZ,0.7772974613288641,-0.0060606060606061,FP
422,600415.SH,1.0194738874800289,-0.021276595744680993,FP
423,002138.SZ,0.8392672482084077,0.12260536398467448,TP
424,300308.SZ,0.8559163781529493,0.09346330275229353,TP
425,000636.SZ,0.6729588186532965,0.05736823234134092,TP
426,600258.SH,0.6590491449416306,0.06422018348623837,TP
427,300529.SZ,0.8608723371973405,-0.12721994535519132,FP
428,002385.SZ,0.9650093540286734,0.19973544973544977,TP
429,300896.SZ,0.8901810304973724,-0.04724954032489326,FP
430,600170.SH,0.9037032070519806,-0.24390243902439013,FP
431,688008.SH,0.8324422335553892,0.3854569937720924,TP
432,002405.SZ,0.8633547692346794,0.413793103448276,TP
433,600522.SH,0.3792255348565357,1.0417582417582416,TP
434,601058.SH,0.698152645175861,0.21378708551483405,TP
435,600456.SH,0.7354323154781471,0.524676975217115,TP
436,688002.SH,0.7945326992282445,-0.010262257696693311,FP
437,300253.SZ,0.8430516905292695,0.08189951823812813,TP
438,000902.SZ,0.6288415703689362,-0.05875706214689258,FP
439,600859.SH,0.904143610160168,-0.04747474747474745,FP
440,600872.SH,0.9925095587823631,0.031721105527638294,TP
441,002030.SZ,0.8181624173531448,0.14378029079159926,TP
442,002926.SZ,0.20379058136866782,-0.03534303534303529,FP
443,600909.SH,0.2703622932267824,-0.05037313432835833,FP
444,603866.SH,0.9897822062648223,0.06019951840385285,TP
445,000656.SZ,0.15700912164674177,-0.20155038759689925,FP
446,688116.SH,1.0373802285213733,0.0727611940298507,TP
447,000878.SZ,0.6880442818385202,-0.03963838664812236,FP
448,300725.SZ,0.8630008151525588,-0.2551299589603283,FP
449,002531.SZ,0.9230647579874895,0.17126760563380272,TP
450,000988.SZ,0.79730224652825,0.0270455323519343,TP
451,600699.SH,0.538566664295572,0.31135321100917435,TP
452,002025.SZ,0.8452232183095174,0.3255663430420712,TP
453,600598.SH,1.047790187760231,-0.058745874587458835,FP
454,002384.SZ,0.6554897367326697,0.14990421455938718,TP
455,002156.SZ,0.7730898521918099,0.14865577227200855,TP
456,002010.SZ,0.6943779080578472,0.09003601440576237,TP
457,600208.SH,0.25104443565935897,-0.05592105263157887,FP
458,002064.SZ,0.7015759284222021,-0.12078882497945775,FP
459,600782.SH,0.7732736743178195,-0.2510518934081346,FP
460,000999.SZ,0.9052700684428301,-0.13613861386138615,FP
461,600637.SH,0.8896936342264055,0.0,TP
462,600895.SH,0.2858975720971112,-0.11966824644549756,FP
463,600350.SH,0.6075426491064374,-0.10108303249097461,FP
464,600733.SH,0.7557472982207863,-0.18694765465669616,FP
465,600390.SH,0.27551705221603373,-0.08602150537634412,FP
466,300251.SZ,0.8296876453206579,0.02318548387096775,TP
467,600066.SH,0.5322008140329744,-0.02559576345984116,FP
468,002624.SZ,0.7467445938160876,0.24933687002652527,TP
469,603885.SH,0.5806234735113183,-0.0292164674634795,FP
470,600998.SH,0.8045965278651191,-0.11692506459948326,FP
471,600803.SH,0.7496574464290123,0.06892778993435433,TP
472,002294.SZ,0.8952264396786649,-0.023834196891191595,FP
473,000738.SZ,0.9400329041883028,0.28375571250519305,TP
474,603444.SH,0.7657403864502111,-0.039409118789613506,FP
475,002372.SZ,0.9195087704494955,0.09769094138543499,TP
476,002555.SZ,0.8441322708513824,0.1238685088137208,TP
477,600765.SH,0.9218192116569475,0.6639263400197304,TP
478,300001.SZ,0.937492149039256,0.17812499999999987,TP
479,600711.SH,1.0151640286729813,-0.023569023569023684,FP
480,600039.SH,1.0043816498845703,0.4218009478672986,TP
481,002044.SZ,0.8053366710686507,0.005390835579514919,TP
482,600673.SH,0.6568005208030172,0.29259694477085785,TP
483,603658.SH,0.7465155071381612,0.0502814258911819,TP
484,601865.SH,0.9512617298510422,-0.013434452871072589,FP
485,601319.SH,0.28680184791476115,-0.08102766798418959,FP
486,002032.SZ,0.9313678621763157,0.31749090130593016,TP
487,600177.SH,0.96049604507942,0.020280811232449292,TP
488,002223.SZ,0.9098154888234324,0.11107682813946318,TP
489,600418.SH,0.6702368821504378,0.2525925925925927,TP
490,600497.SH,0.7422711869058038,0.04158004158004158,TP
491,002407.SZ,0.7840314674913564,-0.0936162292946211,FP
492,600315.SH,1.068830224152232,-0.045153933865450524,FP
493,600801.SH,0.6185835468116876,-0.13349633251833748,FP
494,600642.SH,0.7510751657952629,-0.2222222222222222,FP
495,600079.SH,0.8254578629924998,0.054067460317460236,TP
496,688567.SH,0.753364638069659,0.20915032679738554,TP
497,000933.SZ,0.7870189733469501,-0.2302158273381294,FP
498,000708.SZ,0.6762536690163932,-0.00487804878048792,FP
499,603712.SH,0.2888483696712639,0.009249183895538637,TP
500,600316.SH,0.899507875103526,0.12075471698113205,TP
501,300073.SZ,0.9113288222825987,0.27649208282582216,TP
502,000830.SZ,0.7584225774372642,-0.17925531914893622,FP
503,000039.SZ,1.028092886217351,-0.04486819966348832,FP
504,600704.SH,1.036680820117343,-0.06481481481481499,FP
505,603589.SH,1.0229806171588152,0.31081616481774965,TP
506,600409.SH,0.7115782794755217,-0.15439856373429084,FP
507,002092.SZ,0.7978708518054538,-0.27164179104477615,FP
508,600348.SH,0.8133179649394802,-0.12795436022819884,FP
509,600596.SH,0.8376934176900838,-0.14576055890758977,FP
510,600166.SH,0.6869403646415772,-0.05013192612137207,FP
511,300037.SZ,0.628212878400829,-0.21806451612903222,FP
512,002739.SZ,0.9626450756026679,-0.022064056939501864,FP
513,601872.SH,0.6801215020614334,-0.20833333333333326,FP
514,603605.SH,0.9744321968373864,0.14495677233429394,TP
515,601866.SH,0.6263981535486949,-0.17179487179487174,FP
516,000050.SZ,0.8472888965859608,-0.07885040530582166,FP
517,600398.SH,0.9843815210644324,-0.09530583214793742,FP
519,002602.SZ,0.7745625462458228,-0.009459459459459474,FP
520,601231.SH,0.6271523895874066,0.1096681096681098,TP
521,300285.SZ,0.5502869444091891,0.09113001215066818,TP
523,002430.SZ,0.9202593252625455,-0.07743988684582748,FP
524,603678.SH,0.8369448342299369,0.17859673990077973,TP
525,601139.SH,0.7060619379318634,-0.11804878048780498,FP
526,002508.SZ,0.9182107242729525,-0.06893491124260354,FP
527,600377.SH,0.6850033827907626,-0.04243119266055062,FP
528,000709.SZ,0.6990320340883058,-0.16187050359712218,FP
529,600875.SH,0.9529777818129365,0.11475409836065564,TP
530,603707.SH,0.8439676040649589,0.15749999999999997,TP
531,600038.SH,0.947930811148121,0.30935251798561136,TP
532,600118.SH,0.881053266750468,-0.032547699214365955,FP
533,600141.SH,0.7714128878120381,-0.10925306577480487,FP
534,002078.SZ,0.6483771981880823,-0.04013377926421413,FP
535,002497.SZ,0.7508629789818134,-0.06948640483383683,FP
536,002185.SZ,0.6995299059419888,0.14226633581472292,TP
537,300558.SZ,0.8855578516207148,-0.11088558914645863,FP
538,603456.SH,0.8622468792220647,0.08803775639862033,TP
539,600372.SH,0.8569281758598783,0.23665048543689315,TP
540,600663.SH,0.27596017522423194,-0.0834064969271292,FP
541,600233.SH,0.6464100102458921,0.15721464465183077,TP
542,603338.SH,0.8643066729522463,0.1678014184397163,TP
543,002326.SZ,0.9995024321052831,0.1812876506024097,TP
544,600563.SH,0.7868136002508486,0.46117699709107174,TP
545,601615.SH,0.9190573568463545,0.2773547094188378,TP
546,600109.SH,0.2634851041509847,-0.06830122591943955,FP
547,603233.SH,0.8487954404768995,-0.16859231313369483,FP
548,002444.SZ,0.8903021955487439,0.1655749636098982,TP
549,600808.SH,0.7443674610839017,-0.2707070707070708,FP
550,300699.SZ,0.6403998325883562,0.2866300366300367,TP
551,601138.SH,0.3869385804104587,-0.03872633390705671,FP
552,002568.SZ,1.0511257406719121,-0.2170761175996777,FP
553,300144.SZ,0.5998470954699874,-0.0625,FP
554,600298.SH,1.0087936948105911,0.11660354793701422,TP
555,002841.SZ,0.734100336644223,-0.11359285258455643,FP
556,300595.SZ,0.9947633785436831,-0.3007592456527063,FP
557,300496.SZ,0.8519342795800996,0.2537742631200577,TP
558,600739.SH,0.7802796329727419,-0.25182186234817805,FP
559,000895.SZ,0.9277706376196929,0.04825046040515657,TP
560,603568.SH,0.9195016464078961,0.3097826086956521,TP
561,601933.SH,0.8923434988397891,-0.010204081632653073,FP
562,601607.SH,0.9296571497592896,-0.038159958180867815,FP
563,601555.SH,0.22134074214146907,-0.12236710130391182,FP
564,603517.SH,0.9920122486817979,0.015168100078186031,TP
565,600486.SH,0.6509373721303161,0.2637100619933239,TP
566,603345.SH,0.9953663485453934,-0.09526537840512539,FP
567,000960.SZ,0.7472532454821583,-0.01488569909622528,FP
568,600027.SH,0.6875039681463566,-0.2325581395348838,FP
569,688012.SH,0.829096349300513,0.05421607378129112,TP
570,002180.SZ,0.7974450348166358,0.17376171352074965,TP
571,600489.SH,0.6285849340098408,-0.004778972520907865,FP
572,600161.SH,0.8041004864178727,-0.06248047485160879,FP
573,603939.SH,0.842339663741489,-0.13306451612903225,FP
574,000739.SZ,0.8400680845199993,0.08224201152435828,TP
575,000683.SZ,0.8267965507238864,-0.23974763406940058,FP
576,601168.SH,0.7356295339596275,-0.08036984352773835,FP
577,601108.SH,0.2197389312146164,-0.05827937095282154,FP
578,601689.SH,0.6275865955442638,0.8400109769484083,TP
579,600549.SH,0.8038469822509642,0.1051520270270272,TP
580,600392.SH,0.8115386808662941,0.11094527363184059,TP
581,603198.SH,1.089963509281778,0.3328128049970722,TP
582,600754.SH,0.66587960281723,0.14807480748074808,TP
583,300012.SZ,0.884625188264089,-0.025246548323471396,FP
584,688169.SH,0.9620848620889406,0.1485012660376559,TP
585,000703.SZ,0.6754660041478238,-0.0895652173913043,FP
586,300628.SZ,0.2836797170491573,-0.04701538461538457,FP
587,002024.SZ,0.9557453403155345,-0.22845691382765532,FP
588,603019.SH,0.764647573015405,0.04250559284116329,TP
589,300003.SZ,0.822887612914056,-0.1736861721953037,FP
590,603156.SH,1.1187155345659257,-0.02771437887186179,FP
591,300413.SZ,0.8742691324858942,-0.0018352833218628906,FP
592,601808.SH,0.805477556672928,-0.15838509316770188,FP
593,000066.SZ,0.8195740573919976,0.06595905989385908,TP
594,600143.SH,0.7078093852292355,-0.07498295841854119,FP
595,002236.SZ,0.8119151970809391,0.03499156829679606,TP
596,603127.SH,0.951653528247649,-0.11392405063291144,FP
597,600332.SH,0.9018164444631334,-0.013100436681222738,FP
598,601966.SH,0.6040829640148997,0.0918888258650028,TP
599,000977.SZ,0.8146579608167948,0.13955119214586253,TP
600,002008.SZ,0.8427024129261516,0.19349722442505946,TP
601,000630.SZ,0.7597886016036677,-0.12276214833759591,FP
602,000898.SZ,0.7564603458525379,-0.24532224532224534,FP
603,002916.SZ,0.6777832278601006,0.10736131617802158,TP
604,601838.SH,0.2682667178576952,-0.05480607082630684,FP
605,000783.SZ,0.24532116117577435,-0.060130718954248374,FP
606,600352.SH,0.6600150341167392,-0.07470414201183428,FP
607,600236.SH,0.7619838096201108,-0.18121693121693117,FP
608,601699.SH,0.8926198663009535,-0.28047968021319114,FP
609,603816.SH,0.8558717613308682,0.11583333333333345,TP
610,000932.SZ,0.7436319038554648,-0.24132730015082948,FP
611,600885.SH,0.8732379938751711,0.16255210003206155,TP
612,300223.SZ,0.8277178245454242,0.05906614785992215,TP
613,000807.SZ,0.7990290504092005,-0.27916385704652735,FP
614,600068.SH,0.8742950055731501,0.0,TP
615,600516.SH,0.7667274742804676,0.1901477832512315,TP
616,600085.SH,0.9389034927647607,0.15784438775510212,TP
617,600256.SH,0.8245520411393674,-0.314516129032258,FP
618,600862.SH,0.9428662820109388,0.1221983420325452,TP
619,002007.SZ,0.7051971855944731,0.03584229390680993,TP
620,002414.SZ,0.7974394475534907,0.04063301967493582,TP
621,002600.SZ,0.6002156650953829,0.049535603715170407,TP
622,603160.SH,0.7787008442793522,-0.006770175121863176,FP
623,600115.SH,0.6308349889277256,-0.010615711252653925,FP
624,601878.SH,0.18600602712535358,-0.002409638554216831,FP
625,603882.SH,0.8938255677083551,0.06854130052724083,TP
626,601216.SH,0.7507927052849133,-0.07342657342657344,FP
627,600884.SH,0.9950402950579852,0.09093558729233453,TP
628,603737.SH,0.6563055274923435,0.19019999999999992,TP
629,000983.SZ,0.8466720951131348,-0.32715008431703196,FP
630,600009.SH,0.4763677976470304,-0.024632768361582014,FP
631,002120.SZ,0.5791555946582538,0.032727272727272716,TP
632,600023.SH,0.7561284422114913,-0.09732360097323611,FP
633,000723.SZ,0.7221328040414562,0.2534818941504178,TP
634,000733.SZ,0.8039090833951059,0.20764318499301537,TP
635,000876.SZ,0.8548449324247904,-0.026422764227642337,FP
636,002013.SZ,0.8859967676426734,0.28398791540785506,TP
637,000069.SZ,0.27740717891420796,-0.20827770360480646,FP
638,300207.SZ,0.8958175833805351,0.41577540106951894,TP
639,688111.SH,0.7247750197364153,-0.04404913172384595,FP
641,600674.SH,0.732086380794932,-0.20528879610299233,FP
642,300759.SZ,0.9192899030234033,-0.15691007845503913,FP
643,601021.SH,0.6064823448208966,0.007695126419934084,TP
644,600183.SH,0.8195811253897263,0.08956602031394278,TP
645,601799.SH,0.6154813804394467,0.19889502762430933,TP
646,600584.SH,0.7022628387850981,0.03523542251325229,TP
647,603026.SH,0.7476576395928656,-0.34123081999670024,FP
648,600795.SH,0.7588447662760679,-0.21846153846153848,FP
649,000963.SZ,0.960909092269268,0.14184636118598393,TP
650,603369.SH,0.9632797637040945,0.2461368653421634,TP
651,600362.SH,0.7064386274515759,-0.0682747342600164,FP
652,002080.SZ,0.6579159811152622,0.031073446327683607,TP
653,000538.SZ,0.8360224957289359,-0.0967379077615299,FP
654,601233.SH,0.7227786585633446,-0.10027347310847778,FP
655,000425.SZ,0.9523588342111856,-0.15164520743919896,FP
656,000825.SZ,0.798147940683001,-0.2615859938208034,FP
657,000301.SZ,0.801965645387453,-0.15753911806543386,FP
658,601939.SH,0.35714930023029423,-0.035175879396984966,FP
659,002202.SZ,0.9378987633029368,0.05232892466935013,TP
660,000009.SZ,0.998379722829784,-0.07559958289885294,FP
661,600029.SH,0.6569390559362926,0.05882352941176472,TP
662,688036.SH,0.4201607671246947,0.18638297872340437,TP
663,600606.SH,0.1853825114920251,-0.12765957446808518,FP
664,002340.SZ,1.0054420697879347,0.01073345259391778,TP
665,600779.SH,1.006844183525492,0.024852536374361023,TP
666,600600.SH,1.0151313531532364,0.22649944120203647,TP
667,601658.SH,0.15509639806475636,0.0,TP
668,000786.SZ,0.6729543273249654,-0.1658841940532082,FP
669,600219.SH,0.7662003967122835,0.004576659038901587,TP
670,000157.SZ,0.9856767109294328,-0.15393939393939393,FP
671,603899.SH,0.9163631957474057,-0.1762283024418947,FP
672,002410.SZ,0.8088788103689131,-0.04127269998499161,FP
673,002074.SZ,0.9354987058581276,0.4007159401979363,TP
674,300601.SZ,0.8805048553091759,0.043494052483428636,TP
675,601727.SH,0.9076786698459711,-0.06923076923076932,FP
676,300408.SZ,0.8320330538682427,0.12398921832884091,TP
677,600132.SH,1.0855584415799395,0.1018059894841119,TP
678,300498.SZ,0.9925228024749975,0.10228058051140287,TP
679,600547.SH,0.6229521854089815,-0.026007139214686337,FP
680,601788.SH,0.19759863554831977,-0.06954282034771408,FP
681,300661.SZ,0.7583441825998305,0.030865867219667553,TP
682,300454.SZ,0.7812322686763232,-0.16368286445012792,FP
683,000799.SZ,1.0924791781733383,-0.09344851249344033,FP
684,002648.SZ,0.7433531504948417,0.012042018959774525,TP
685,000938.SZ,0.8591275163607579,0.0368885324779471,TP
686,601117.SH,0.9646317490065162,0.02962962962962945,TP
687,600886.SH,0.7376355765706059,-0.17495854063018257,FP
688,600460.SH,0.9224172785565442,0.08723068838675774,TP
689,600763.SH,0.8620652166306506,-0.3459704655320839,FP
690,601377.SH,0.2678367240955787,-0.13008130081300806,FP
691,601901.SH,0.2814969909713378,-0.05256723716381417,FP
692,601881.SH,0.24546906016777983,-0.004770992366412319,FP
693,688599.SH,0.9766006110733784,0.3653846153846152,TP
694,600741.SH,0.5703576847503198,0.13058720420683612,TP
695,300782.SZ,0.8234609742835644,0.0647727272727272,TP
696,600926.SH,0.22974602034145686,-0.07836570663094444,FP
697,601636.SH,0.7364995445719729,-0.07789959607616836,FP
698,600015.SH,0.3037310811506245,0.012567324955116588,TP
699,300347.SZ,0.9145558972537848,-0.2110344827586207,FP
700,600426.SH,0.6581469721996382,-0.10719708472517464,FP
701,601898.SH,0.8759515404761171,-0.3292682926829268,FP
702,601111.SH,0.5726108344130847,0.07258064516129026,TP
703,002821.SZ,0.894252099566567,0.15077371607983858,TP
704,600188.SH,0.8157643979354027,-0.21628147637116246,FP
705,601669.SH,0.933812640598571,-0.22432113341204252,FP
706,600011.SH,0.6893156020498411,-0.24909310761789594,FP
707,002001.SZ,0.8785956368680494,0.08078927773641098,TP
708,600176.SH,0.6492276984529328,-0.00455062571103515,FP
709,600570.SH,0.1673885268429838,0.019727653631284925,TP
710,000768.SZ,0.872616000534226,0.2626490493071221,TP
711,601009.SH,0.28771000945768355,0.0022099447513812542,TP
712,600845.SH,0.7971595686243513,0.0043939393939393945,TP
713,000338.SZ,0.9314262435985168,-0.10081585081585087,FP
714,601155.SH,0.2810068547271567,-0.16577253218884114,FP
715,001979.SZ,0.2462737317366267,-0.11514683153013916,FP
716,002709.SZ,0.7047188891671547,-0.1125427294241389,FP
717,000596.SZ,0.8183019961398914,0.06351668623176243,TP
718,002271.SZ,0.6834672961794832,-0.10807761732851984,FP
719,601360.SH,0.9191574174701537,0.006734006734006703,TP
720,601618.SH,0.9187470427035299,-0.12873563218390793,FP
722,000661.SZ,0.7786428014052968,0.03174834340639321,TP
723,600958.SH,0.18397005382560666,-0.07072042300066095,FP
724,002050.SZ,0.8192330514618948,0.02065026362038669,TP
725,300316.SZ,0.9737669980166336,0.11623931623931627,TP
726,603986.SH,0.7190970022155843,0.03869232360852459,TP
727,601006.SH,0.6885872913936069,-0.027156549520766737,FP
728,603833.SH,0.7798501698555533,-0.07205623901581726,FP
729,600660.SH,0.6294949214724956,0.08852071005917161,TP
730,000100.SZ,0.8570063786799844,-0.019169329073482455,FP
731,002179.SZ,0.8397069474490871,0.25304729400292536,TP
732,601169.SH,0.3087942581617489,0.004587155963302614,TP
733,600919.SH,0.3346977606176392,0.012027491408934665,TP
734,603659.SH,0.8942166159612333,0.058139534883721034,TP
735,601989.SH,0.9458736975306408,-0.054421768707483054,FP
736,601186.SH,0.9432821974606049,-0.07594936708860767,FP
737,601985.SH,0.7739240245657153,-0.05270457697642161,FP
738,300450.SZ,0.8881315737360322,0.13534803781151528,TP
739,601600.SH,0.78087344296172,-0.3290322580645161,FP
740,601229.SH,0.23569181144978896,-0.02188782489740071,FP
741,601800.SH,0.9180004524124539,-0.14441747572815533,FP
742,002230.SZ,0.8549859852606537,0.020793950850661602,TP
743,600745.SH,0.28485662021736025,0.3100576553491352,TP
744,600089.SH,1.0061873187460315,-0.056082474226804124,FP
745,002027.SZ,0.8851860762808346,-0.03415300546448086,FP
746,688981.SH,0.7448227863402911,-0.017028985507246408,FP
747,600588.SH,0.7525227403279273,-0.01780863265922139,FP
748,002311.SZ,1.031956186998046,-0.04807121661721081,FP
749,600025.SH,0.7735676539437073,-0.2974238875878219,FP
750,002736.SZ,0.1924993498876265,-0.0668358714043994,FP
751,300142.SZ,0.8382327724878408,0.08895220006331117,TP
752,600837.SH,0.17896806033583573,-0.025535420098846795,FP
753,000625.SZ,0.6391304147529732,0.04011976047904198,TP
754,600010.SH,0.7929721028951692,-0.08832807570977907,FP
755,601066.SH,0.1661381633541274,-0.09288025889967633,FP
757,601100.SH,0.8007875756089899,-0.06916528730196259,FP
758,300433.SZ,0.7111114306832464,0.0033460803059270905,TP
759,601877.SH,0.8327770805590811,-0.0848056537102474,FP
760,601390.SH,0.8967633278599059,-0.06360424028268552,FP
761,600893.SH,0.8891154079637843,0.2096258695243467,TP
762,603993.SH,0.7040283565498698,-0.024834437086092787,FP
763,600196.SH,0.8998807433496288,0.07074569789674956,TP
765,000776.SZ,0.20731694369364595,0.11354961832061061,TP
766,000063.SZ,0.3123402075721288,-0.07395110172049513,FP
767,600050.SH,0.35805386570103503,-0.05596107055961086,FP
768,002049.SZ,0.8006559788970256,0.11648936170212743,TP
769,601816.SH,0.7241095233037826,-0.050420168067226934,FP
770,601211.SH,0.1994429759030355,-0.06169377453729663,FP
771,600703.SH,0.7416611890966597,0.10539602398232883,TP
772,603806.SH,0.9207987813875971,-0.041009463722397554,FP
773,600018.SH,0.5842092653584339,-0.21346469622331687,FP
774,601225.SH,0.7729202709486087,-0.19729729729729728,FP
775,601238.SH,0.5970630841919242,0.08819628647214861,TP
776,002241.SZ,0.7290424613740216,0.2083526682134571,TP
777,600999.SH,0.18899778612417126,-0.07096069868995636,FP
778,603799.SH,0.7876446577896528,0.25145067698259194,TP
779,300124.SZ,0.8738404558250726,0.04126984126984112,TP
780,601818.SH,0.2964260194104217,-0.01179941002949858,FP
781,600309.SH,0.6526070162501374,-0.10304449648711944,FP
782,600016.SH,0.2146383781154833,-0.005115089514066473,FP
783,600760.SH,0.8489955142799955,0.06789581504243491,TP
785,300122.SZ,0.8651132353036195,-0.18938298006163912,FP
786,002129.SZ,0.8928636673547776,-0.018966644865925364,FP
787,002371.SZ,0.8060011820489621,0.05824605540211647,TP
788,300274.SZ,0.9194020448097312,0.0882868311093139,TP
789,002460.SZ,0.7243496957612016,0.02804713391432423,TP
790,601998.SH,0.3165579201281083,-0.013157894736842035,FP
791,002714.SZ,1.0302606793189568,0.009633911368015502,TP
792,601766.SH,0.9883127336242481,-0.019323671497584516,FP
793,300014.SZ,0.942070087881417,0.4767242249823287,TP
794,300760.SZ,0.8418706283273647,-0.07002750246484357,FP
795,002466.SZ,0.7859494878684492,0.1622366607599921,TP
796,600585.SH,0.6302278856805552,-0.11225490196078425,FP
797,601328.SH,0.23912327697512803,0.015555555555555545,TP
798,600690.SH,0.8683032290907854,0.040917782026768545,TP
799,603501.SH,0.8340962867878985,0.12270722558839275,TP
800,300015.SZ,0.8680616460881105,-0.200749063670412,FP
801,600111.SH,0.7830605804590087,0.21572170770273313,TP
802,002493.SZ,0.6362189681950088,-0.13829787234042556,FP
803,601601.SH,0.24640492819393348,-0.0018422991893883855,FP
804,600346.SH,0.6666885687419322,-0.1893241167434716,FP
805,000725.SZ,0.70645469663335,-0.045544554455445474,FP
806,600406.SH,0.8943324475422327,0.15316067947646905,TP
807,600436.SH,0.8865927317879023,0.1819143310417768,TP
808,000002.SZ,0.15072689063920955,-0.14312529328953527,FP
809,002142.SZ,0.16405271629191964,0.10611664295874834,TP
810,601668.SH,0.9138611233529857,-0.033333333333333326,FP
811,603260.SH,0.7862474603659304,-0.14017494010808396,FP
812,002304.SZ,0.9831178377828802,0.04949421965317913,TP
813,600887.SH,0.9479687058746594,0.038992042440318286,TP
814,002812.SZ,0.7105606615738415,-0.0925317720976725,FP
815,600019.SH,0.7548243998953912,-0.25057471264367814,FP
816,601919.SH,0.7543721888181348,0.005208333333333259,TP
817,601899.SH,0.6103117143625171,0.005946481665014991,TP
818,600104.SH,0.600241037532077,0.045597484276729716,TP
819,600031.SH,0.8365437205999062,-0.13915094339622647,FP
820,002475.SZ,0.6526322896062269,0.11033323998879863,TP
821,000651.SZ,0.8292833255383999,-0.10812903225806447,FP
822,002352.SZ,0.477708646956315,-0.0630451415455241,FP
824,600438.SH,0.912938940100402,-0.11817824892029827,FP
825,300059.SZ,0.16972490284576633,0.007855688100087299,TP
826,000568.SZ,0.9799655317190825,0.038225471612961526,TP
827,600000.SH,0.1872363152879042,-0.05444444444444452,FP
828,002594.SZ,0.6025031443524036,0.22119353933710073,TP
829,600276.SH,0.7626421399227753,-0.0011945052757315056,FP
830,600809.SH,0.9697367462106776,-0.017369255150554763,FP
831,601088.SH,0.7798363514869869,-0.13768755516328335,FP
832,603259.SH,0.8682655912476581,-0.05759162303664933,FP
834,601633.SH,0.5955222272059895,0.1380228136882129,TP
835,603288.SH,0.8902252638776794,0.020909090909090988,TP
836,601166.SH,0.20659519452838349,-0.015846994535519077,FP
837,600028.SH,0.795010781768023,-0.09417040358744388,FP
838,002415.SZ,0.8187126585751491,-0.11563636363636365,FP
839,600900.SH,0.7477053642047637,-0.11227272727272719,FP
840,601888.SH,0.5916778058658891,-0.20980769230769236,FP
841,601012.SH,0.8809441501852008,0.0598933074684771,TP
842,000333.SZ,0.8145221625833464,-0.0261494252873562,FP
845,601988.SH,0.2869207990845406,0.0,TP
846,000858.SZ,0.9417429831723156,-0.006335749122567069,FP
847,601857.SH,0.8240050412426734,-0.21630615640599005,FP
848,601288.SH,0.26821775155006305,-0.010204081632652962,FP
849,300750.SZ,0.8656263817204597,0.2934395982728777,TP
850,600036.SH,0.15692720581198058,-0.01902874132804755,FP
851,601398.SH,0.3641863705132024,-0.01716738197424894,FP
852,600519.SH,0.9528053596716892,0.055065573770491705,TP
